-- Dump of MariaDB data, that was then imported into MySQL running on a
-- PythonAnywhere MySQL server


-- MySQL dump 10.13  Distrib 8.0.43, for Linux (x86_64)
--
-- Host: 127.0.0.1    Database: swimDB
-- ------------------------------------------------------
-- Server version	12.0.2-MariaDB-ubu2404

/*!40101 SET @OLD_CHARACTER_SET_CLIENT=@@CHARACTER_SET_CLIENT */;
/*!40101 SET @OLD_CHARACTER_SET_RESULTS=@@CHARACTER_SET_RESULTS */;
/*!40101 SET @OLD_COLLATION_CONNECTION=@@COLLATION_CONNECTION */;
/*!50503 SET NAMES utf8mb4 */;
/*!40103 SET @OLD_TIME_ZONE=@@TIME_ZONE */;
/*!40103 SET TIME_ZONE='+00:00' */;
/*!40014 SET @OLD_UNIQUE_CHECKS=@@UNIQUE_CHECKS, UNIQUE_CHECKS=0 */;
/*!40014 SET @OLD_FOREIGN_KEY_CHECKS=@@FOREIGN_KEY_CHECKS, FOREIGN_KEY_CHECKS=0 */;
/*!40101 SET @OLD_SQL_MODE=@@SQL_MODE, SQL_MODE='NO_AUTO_VALUE_ON_ZERO' */;
/*!40111 SET @OLD_SQL_NOTES=@@SQL_NOTES, SQL_NOTES=0 */;

--
-- Table structure for table `events`
--

DROP TABLE IF EXISTS `events`;
/*!40101 SET @saved_cs_client     = @@character_set_client */;
/*!50503 SET character_set_client = utf8mb4 */;
CREATE TABLE `events` (
  `id` int(11) NOT NULL AUTO_INCREMENT,
  `distance` varchar(16) NOT NULL,
  `stroke` varchar(16) NOT NULL,
  PRIMARY KEY (`id`)
) ENGINE=InnoDB AUTO_INCREMENT=15 DEFAULT CHARSET=utf8mb4 COLLATE=utf8mb4_0900_ai_ci;
/*!40101 SET character_set_client = @saved_cs_client */;

--
-- Dumping data for table `events`
--

LOCK TABLES `events` WRITE;
/*!40000 ALTER TABLE `events` DISABLE KEYS */;
INSERT INTO `events` VALUES (1,'50m','Back'),(2,'50m','Fly'),(3,'100m','Free'),(4,'200m','IM'),(5,'100m','Fly'),(6,'100m','Breast'),(7,'200m','Free'),(8,'50m','Free'),(9,'50m','Breast'),(10,'100m','Back'),(11,'400m','Free'),(12,'200m','Breast'),(13,'200m','Back'),(14,'100m','IM');
/*!40000 ALTER TABLE `events` ENABLE KEYS */;
UNLOCK TABLES;

--
-- Table structure for table `swimmers`
--

DROP TABLE IF EXISTS `swimmers`;
/*!40101 SET @saved_cs_client     = @@character_set_client */;
/*!50503 SET character_set_client = utf8mb4 */;
CREATE TABLE `swimmers` (
  `id` int(11) NOT NULL AUTO_INCREMENT,
  `name` varchar(32) NOT NULL,
  `age` int(11) NOT NULL,
  PRIMARY KEY (`id`)
) ENGINE=InnoDB AUTO_INCREMENT=48 DEFAULT CHARSET=utf8mb4 COLLATE=utf8mb4_0900_ai_ci;
/*!40101 SET character_set_client = @saved_cs_client */;

--
-- Dumping data for table `swimmers`
--

LOCK TABLES `swimmers` WRITE;
/*!40000 ALTER TABLE `swimmers` DISABLE KEYS */;
INSERT INTO `swimmers` VALUES (25,'Katie',9),(26,'Calvin',9),(27,'Hannah',13),(28,'Mike',15),(29,'Darius',13),(30,'Elba',14),(31,'Abi',10),(32,'Erika',15),(33,'Ruth',13),(34,'Maria',9),(35,'Alison',14),(36,'Emma',13),(37,'Blake',15),(38,'Lizzie',14),(39,'Ali',12),(40,'Chris',17),(41,'Aurora',13),(42,'Tasmin',15),(43,'Bill',18),(44,'Carl',15),(45,'Dave',17),(46,'Owen',15),(47,'Darius',8);
/*!40000 ALTER TABLE `swimmers` ENABLE KEYS */;
UNLOCK TABLES;

--
-- Table structure for table `times`
--

DROP TABLE IF EXISTS `times`;
/*!40101 SET @saved_cs_client     = @@character_set_client */;
/*!50503 SET character_set_client = utf8mb4 */;
CREATE TABLE `times` (
  `swimmer_id` int(11) NOT NULL,
  `event_id` int(11) NOT NULL,
  `time` varchar(16) NOT NULL,
  `ts` timestamp NULL DEFAULT current_timestamp()
) ENGINE=InnoDB DEFAULT CHARSET=utf8mb4 COLLATE=utf8mb4_0900_ai_ci;
/*!40101 SET character_set_client = @saved_cs_client */;

--
-- Dumping data for table `times`
--

LOCK TABLES `times` WRITE;
/*!40000 ALTER TABLE `times` DISABLE KEYS */;
INSERT INTO `times` VALUES (25,1,'43.25','2025-08-21 10:49:04'),(25,1,'47.35','2025-08-21 10:49:04'),(25,1,'46.12','2025-08-21 10:49:04'),(25,1,'45.69','2025-08-21 10:49:04'),(26,2,'39.47','2025-08-21 10:49:04'),(26,2,'37.30','2025-08-21 10:49:04'),(26,2,'41.90','2025-08-21 10:49:04'),(26,2,'42.85','2025-08-21 10:49:04'),(26,2,'39.90','2025-08-21 10:49:04'),(26,2,'38.66','2025-08-21 10:49:04'),(26,2,'38.84','2025-08-21 10:49:04'),(26,2,'37.65','2025-08-21 10:49:04'),(26,2,'39.68','2025-08-21 10:49:04'),(26,2,'37.18','2025-08-21 10:49:04'),(26,2,'43.61','2025-08-21 10:49:04'),(27,3,'1:21.43','2025-08-21 10:49:04'),(27,3,'1:21.40','2025-08-21 10:49:04'),(27,3,'1:21.62','2025-08-21 10:49:04'),(27,3,'1:25.38','2025-08-21 10:49:04'),(28,4,'2:48.05','2025-08-21 10:49:04'),(28,4,'2:44.03','2025-08-21 10:49:04'),(28,4,'2:38.93','2025-08-21 10:49:04'),(28,4,'2:54.86','2025-08-21 10:49:04'),(29,5,'1:27.95','2025-08-21 10:49:04'),(29,5,'1:21.07','2025-08-21 10:49:04'),(29,5,'1:30.96','2025-08-21 10:49:04'),(29,5,'1:23.22','2025-08-21 10:49:04'),(29,5,'1:27.95','2025-08-21 10:49:04'),(29,5,'1:28.30','2025-08-21 10:49:04'),(28,3,'1:02.52','2025-08-21 10:49:04'),(28,3,'1:02.56','2025-08-21 10:49:04'),(28,3,'1:06.41','2025-08-21 10:49:04'),(28,3,'1:07.08','2025-08-21 10:49:04'),(28,3,'1:02.56','2025-08-21 10:49:04'),(28,3,'1:03.23','2025-08-21 10:49:04'),(28,3,'1:04.54','2025-08-21 10:49:04'),(30,3,'1:06.01','2025-08-21 10:49:04'),(30,3,'1:06.93','2025-08-21 10:49:04'),(30,3,'1:05.34','2025-08-21 10:49:04'),(30,3,'1:06.10','2025-08-21 10:49:04'),(31,1,'41.50','2025-08-21 10:49:04'),(31,1,'43.58','2025-08-21 10:49:04'),(31,1,'42.35','2025-08-21 10:49:04'),(31,1,'43.35','2025-08-21 10:49:04'),(31,1,'39.85','2025-08-21 10:49:04'),(31,1,'40.53','2025-08-21 10:49:04'),(31,1,'42.14','2025-08-21 10:49:04'),(31,1,'39.18','2025-08-21 10:49:04'),(31,1,'40.89','2025-08-21 10:49:04'),(31,1,'40.89','2025-08-21 10:49:04'),(32,6,'1:36.72','2025-08-21 10:49:04'),(32,6,'1:34.78','2025-08-21 10:49:04'),(32,6,'1:34.05','2025-08-21 10:49:04'),(32,6,'1:32.78','2025-08-21 10:49:04'),(32,6,'1:33.51','2025-08-21 10:49:04'),(32,6,'1:33.29','2025-08-21 10:49:04'),(32,6,'1:36.47','2025-08-21 10:49:04'),(32,6,'1:31.82','2025-08-21 10:49:04'),(29,4,'3:03.84','2025-08-21 10:49:04'),(29,4,'3:04.27','2025-08-21 10:49:04'),(29,4,'3:01.49','2025-08-21 10:49:04'),(29,4,'3:04.27','2025-08-21 10:49:04'),(29,4,'2:52.44','2025-08-21 10:49:04'),(33,3,'1:07.99','2025-08-21 10:49:04'),(33,3,'1:11.87','2025-08-21 10:49:04'),(33,3,'1:11.08','2025-08-21 10:49:04'),(33,3,'1:09.75','2025-08-21 10:49:04'),(28,7,'2:19.77','2025-08-21 10:49:04'),(28,7,'2:41.57','2025-08-21 10:49:04'),(28,7,'2:27.88','2025-08-21 10:49:04'),(28,7,'2:37.28','2025-08-21 10:49:04'),(34,8,'45.75','2025-08-21 10:49:04'),(34,8,'41.62','2025-08-21 10:49:04'),(34,8,'40.49','2025-08-21 10:49:04'),(34,8,'41.00','2025-08-21 10:49:04'),(35,3,'1:13.86','2025-08-21 10:49:04'),(35,3,'1:12.00','2025-08-21 10:49:04'),(35,3,'1:14.69','2025-08-21 10:49:04'),(35,3,'1:10.01','2025-08-21 10:49:04'),(35,3,'1:12.24','2025-08-21 10:49:04'),(35,3,'1:11.00','2025-08-21 10:49:04'),(35,3,'1:11.20','2025-08-21 10:49:04'),(35,3,'1:12.28','2025-08-21 10:49:04'),(35,3,'1:15.46','2025-08-21 10:49:04'),(35,3,'1:16.03','2025-08-21 10:49:04'),(36,3,'1:32.21','2025-08-21 10:49:04'),(36,3,'1:33.68','2025-08-21 10:49:04'),(36,3,'1:34.10','2025-08-21 10:49:04'),(36,3,'1:28.57','2025-08-21 10:49:04'),(25,9,'47.44','2025-08-21 10:49:04'),(25,9,'52.32','2025-08-21 10:49:04'),(25,9,'57.16','2025-08-21 10:49:04'),(25,9,'56.77','2025-08-21 10:49:04'),(37,10,'1:12.71','2025-08-21 10:49:04'),(37,10,'1:19.87','2025-08-21 10:49:04'),(37,10,'1:14.94','2025-08-21 10:49:04'),(37,10,'1:11.53','2025-08-21 10:49:04'),(37,10,'1:14.94','2025-08-21 10:49:04'),(28,5,'1:14.55','2025-08-21 10:49:04'),(28,5,'1:14.15','2025-08-21 10:49:04'),(28,5,'1:08.38','2025-08-21 10:49:04'),(28,5,'1:08.74','2025-08-21 10:49:04'),(28,5,'1:10.89','2025-08-21 10:49:04'),(28,5,'1:09.47','2025-08-21 10:49:04'),(28,5,'1:09.52','2025-08-21 10:49:04'),(28,5,'1:09.86','2025-08-21 10:49:04'),(28,5,'1:09.83','2025-08-21 10:49:04'),(27,10,'1:35.75','2025-08-21 10:49:04'),(27,10,'1:32.78','2025-08-21 10:49:04'),(27,10,'1:34.01','2025-08-21 10:49:04'),(27,10,'1:32.57','2025-08-21 10:49:04'),(28,10,'1:19.23','2025-08-21 10:49:04'),(28,10,'1:13.70','2025-08-21 10:49:04'),(28,10,'1:13.96','2025-08-21 10:49:04'),(28,10,'1:15.94','2025-08-21 10:49:04'),(25,3,'1:20.81','2025-08-21 10:49:04'),(25,3,'1:23.61','2025-08-21 10:49:04'),(25,3,'1:24.80','2025-08-21 10:49:04'),(25,3,'1:22.05','2025-08-21 10:49:04'),(25,3,'1:22.58','2025-08-21 10:49:04'),(25,3,'1:23.94','2025-08-21 10:49:04'),(38,3,'1:21.08','2025-08-21 10:49:04'),(38,3,'1:11.23','2025-08-21 10:49:04'),(38,3,'1:12.46','2025-08-21 10:49:04'),(38,3,'1:16.73','2025-08-21 10:49:04'),(39,10,'1:36.54','2025-08-21 10:49:04'),(39,10,'1:39.10','2025-08-21 10:49:04'),(39,10,'1:39.45','2025-08-21 10:49:04'),(39,10,'1:42.87','2025-08-21 10:49:04'),(33,11,'5:11.32','2025-08-21 10:49:04'),(33,11,'5:04.12','2025-08-21 10:49:04'),(33,11,'5:20.67','2025-08-21 10:49:04'),(33,11,'5:08.31','2025-08-21 10:49:04'),(33,11,'5:04.32','2025-08-21 10:49:04'),(33,11,'5:06.77','2025-08-21 10:49:04'),(33,11,'5:13.01','2025-08-21 10:49:04'),(37,3,'1:02.13','2025-08-21 10:49:04'),(37,3,'1:03.25','2025-08-21 10:49:04'),(37,3,'1:04.16','2025-08-21 10:49:04'),(37,3,'1:03.17','2025-08-21 10:49:04'),(37,3,'1:04.84','2025-08-21 10:49:04'),(37,3,'1:03.88','2025-08-21 10:49:04'),(37,3,'1:04.87','2025-08-21 10:49:04'),(26,8,'35.78','2025-08-21 10:49:04'),(26,8,'36.19','2025-08-21 10:49:04'),(26,8,'36.89','2025-08-21 10:49:04'),(26,8,'34.29','2025-08-21 10:49:04'),(26,8,'34.18','2025-08-21 10:49:04'),(26,8,'35.94','2025-08-21 10:49:04'),(25,6,'1:50.10','2025-08-21 10:49:04'),(25,6,'1:47.12','2025-08-21 10:49:04'),(25,6,'1:54.65','2025-08-21 10:49:04'),(25,6,'1:51.03','2025-08-21 10:49:04'),(32,12,'3:27.51','2025-08-21 10:49:04'),(32,12,'3:34.70','2025-08-21 10:49:04'),(32,12,'3:27.15','2025-08-21 10:49:04'),(32,12,'3:28.45','2025-08-21 10:49:04'),(32,12,'3:34.79','2025-08-21 10:49:04'),(32,12,'3:30.21','2025-08-21 10:49:04'),(32,12,'3:33.74','2025-08-21 10:49:04'),(29,10,'1:22.57','2025-08-21 10:49:04'),(29,10,'1:29.64','2025-08-21 10:49:04'),(29,10,'1:20.39','2025-08-21 10:49:04'),(29,10,'1:23.83','2025-08-21 10:49:04'),(40,10,'1:21.76','2025-08-21 10:49:04'),(40,10,'1:23.32','2025-08-21 10:49:04'),(40,10,'1:24.09','2025-08-21 10:49:04'),(40,10,'1:21.51','2025-08-21 10:49:04'),(41,8,'30.05','2025-08-21 10:49:04'),(41,8,'30.21','2025-08-21 10:49:04'),(41,8,'28.86','2025-08-21 10:49:04'),(41,8,'30.65','2025-08-21 10:49:04'),(41,8,'30.03','2025-08-21 10:49:04'),(41,8,'29.64','2025-08-21 10:49:04'),(41,8,'29.82','2025-08-21 10:49:04'),(38,10,'1:27.10','2025-08-21 10:49:04'),(38,10,'1:26.21','2025-08-21 10:49:04'),(38,10,'1:26.42','2025-08-21 10:49:04'),(38,10,'1:35.79','2025-08-21 10:49:04'),(38,10,'1:30.47','2025-08-21 10:49:04'),(31,6,'1:42.97','2025-08-21 10:49:04'),(31,6,'1:43.31','2025-08-21 10:49:04'),(31,6,'1:43.50','2025-08-21 10:49:04'),(31,6,'1:40.34','2025-08-21 10:49:04'),(42,3,'1:08.87','2025-08-21 10:49:04'),(42,3,'1:07.34','2025-08-21 10:49:04'),(42,3,'1:11.00','2025-08-21 10:49:04'),(42,3,'1:08.62','2025-08-21 10:49:04'),(42,3,'1:10.94','2025-08-21 10:49:04'),(42,3,'1:09.52','2025-08-21 10:49:04'),(42,3,'1:12.04','2025-08-21 10:49:04'),(42,3,'1:10.91','2025-08-21 10:49:04'),(42,12,'2:54.14','2025-08-21 10:49:04'),(42,12,'3:03.58','2025-08-21 10:49:04'),(42,12,'3:02.43','2025-08-21 10:49:04'),(42,12,'2:57.99','2025-08-21 10:49:04'),(33,13,'2:56.68','2025-08-21 10:49:04'),(33,13,'2:42.63','2025-08-21 10:49:04'),(33,13,'2:40.90','2025-08-21 10:49:04'),(33,13,'2:42.88','2025-08-21 10:49:04'),(33,13,'2:46.09','2025-08-21 10:49:04'),(33,10,'1:17.16','2025-08-21 10:49:04'),(33,10,'1:16.65','2025-08-21 10:49:04'),(33,10,'1:23.11','2025-08-21 10:49:04'),(33,10,'1:14.37','2025-08-21 10:49:04'),(33,10,'1:18.16','2025-08-21 10:49:04'),(33,10,'1:18.28','2025-08-21 10:49:04'),(33,10,'1:16.87','2025-08-21 10:49:04'),(33,10,'1:17.37','2025-08-21 10:49:04'),(33,10,'1:20.46','2025-08-21 10:49:04'),(42,10,'1:19.63','2025-08-21 10:49:04'),(42,10,'1:16.69','2025-08-21 10:49:04'),(42,10,'1:19.68','2025-08-21 10:49:04'),(42,10,'1:16.56','2025-08-21 10:49:04'),(25,8,'38.94','2025-08-21 10:49:04'),(25,8,'37.76','2025-08-21 10:49:04'),(25,8,'41.83','2025-08-21 10:49:04'),(25,8,'42.81','2025-08-21 10:49:04'),(25,2,'40.11','2025-08-21 10:49:04'),(25,2,'45.43','2025-08-21 10:49:04'),(25,2,'50.17','2025-08-21 10:49:04'),(25,2,'43.58','2025-08-21 10:49:04'),(25,2,'52.61','2025-08-21 10:49:04'),(37,5,'1:11.49','2025-08-21 10:49:04'),(37,5,'1:10.16','2025-08-21 10:49:04'),(37,5,'1:12.59','2025-08-21 10:49:04'),(37,5,'1:11.63','2025-08-21 10:49:04'),(37,5,'1:09.43','2025-08-21 10:49:04'),(35,6,'1:34.71','2025-08-21 10:49:04'),(35,6,'1:37.87','2025-08-21 10:49:04'),(35,6,'1:35.15','2025-08-21 10:49:04'),(35,6,'1:37.20','2025-08-21 10:49:04'),(35,6,'1:36.29','2025-08-21 10:49:04'),(35,6,'1:36.00','2025-08-21 10:49:04'),(35,6,'1:35.63','2025-08-21 10:49:04'),(35,6,'1:35.42','2025-08-21 10:49:04'),(35,6,'1:42.01','2025-08-21 10:49:04'),(39,3,'1:27.31','2025-08-21 10:49:04'),(39,3,'1:27.00','2025-08-21 10:49:04'),(39,3,'1:27.46','2025-08-21 10:49:04'),(39,3,'1:22.50','2025-08-21 10:49:04'),(39,3,'1:20.39','2025-08-21 10:49:04'),(39,3,'1:26.04','2025-08-21 10:49:04'),(39,3,'1:20.22','2025-08-21 10:49:04'),(43,13,'2:29.06','2025-08-21 10:49:04'),(43,13,'2:21.49','2025-08-21 10:49:04'),(43,13,'2:24.13','2025-08-21 10:49:04'),(43,13,'2:29.40','2025-08-21 10:49:04'),(40,6,'1:28.86','2025-08-21 10:49:04'),(40,6,'1:29.90','2025-08-21 10:49:04'),(40,6,'1:28.12','2025-08-21 10:49:04'),(40,6,'1:28.67','2025-08-21 10:49:04'),(36,6,'2:01.15','2025-08-21 10:49:04'),(36,6,'1:57.86','2025-08-21 10:49:04'),(36,6,'1:59.38','2025-08-21 10:49:04'),(36,6,'1:57.94','2025-08-21 10:49:04'),(36,6,'1:56.97','2025-08-21 10:49:04'),(26,1,'38.79','2025-08-21 10:49:04'),(26,1,'39.03','2025-08-21 10:49:04'),(26,1,'41.29','2025-08-21 10:49:04'),(26,1,'39.66','2025-08-21 10:49:04'),(26,1,'41.13','2025-08-21 10:49:04'),(26,1,'38.57','2025-08-21 10:49:04'),(26,1,'39.40','2025-08-21 10:49:04'),(26,1,'41.06','2025-08-21 10:49:04'),(26,1,'40.37','2025-08-21 10:49:04'),(26,1,'43.05','2025-08-21 10:49:04'),(26,1,'37.85','2025-08-21 10:49:04'),(31,9,'48.08','2025-08-21 10:49:04'),(31,9,'53.17','2025-08-21 10:49:04'),(31,9,'45.76','2025-08-21 10:49:04'),(31,9,'49.28','2025-08-21 10:49:04'),(31,9,'52.85','2025-08-21 10:49:04'),(31,9,'46.19','2025-08-21 10:49:04'),(31,9,'47.76','2025-08-21 10:49:04'),(31,9,'48.83','2025-08-21 10:49:04'),(31,9,'45.71','2025-08-21 10:49:04'),(31,9,'47.76','2025-08-21 10:49:04'),(29,6,'1:30.24','2025-08-21 10:49:04'),(29,6,'1:33.18','2025-08-21 10:49:04'),(29,6,'1:32.73','2025-08-21 10:49:04'),(29,6,'1:33.05','2025-08-21 10:49:04'),(29,6,'1:30.81','2025-08-21 10:49:04'),(29,6,'1:31.74','2025-08-21 10:49:04'),(29,6,'1:31.53','2025-08-21 10:49:04'),(29,6,'1:33.05','2025-08-21 10:49:04'),(43,10,'1:11.34','2025-08-21 10:49:04'),(43,10,'1:05.81','2025-08-21 10:49:04'),(43,10,'1:05.75','2025-08-21 10:49:04'),(43,10,'1:05.82','2025-08-21 10:49:04'),(31,8,'39.07','2025-08-21 10:49:04'),(31,8,'37.66','2025-08-21 10:49:04'),(31,8,'36.13','2025-08-21 10:49:04'),(31,8,'39.42','2025-08-21 10:49:04'),(42,6,'1:20.59','2025-08-21 10:49:04'),(42,6,'1:26.48','2025-08-21 10:49:04'),(42,6,'1:24.15','2025-08-21 10:49:04'),(42,6,'1:21.96','2025-08-21 10:49:04'),(44,10,'1:29.78','2025-08-21 10:49:04'),(44,10,'1:28.38','2025-08-21 10:49:04'),(44,10,'1:25.03','2025-08-21 10:49:04'),(44,10,'1:25.66','2025-08-21 10:49:04'),(32,3,'1:19.04','2025-08-21 10:49:04'),(32,3,'1:15.88','2025-08-21 10:49:04'),(32,3,'1:18.62','2025-08-21 10:49:04'),(32,3,'1:21.74','2025-08-21 10:49:04'),(25,10,'1:33.36','2025-08-21 10:49:04'),(25,10,'1:31.52','2025-08-21 10:49:04'),(25,10,'1:28.10','2025-08-21 10:49:04'),(25,10,'1:33.37','2025-08-21 10:49:04'),(25,10,'1:32.89','2025-08-21 10:49:04'),(25,10,'1:33.38','2025-08-21 10:49:04'),(25,10,'1:32.03','2025-08-21 10:49:04'),(25,10,'1:32.71','2025-08-21 10:49:04'),(45,13,'2:35.46','2025-08-21 10:49:04'),(45,13,'2:28.30','2025-08-21 10:49:04'),(45,13,'2:35.35','2025-08-21 10:49:04'),(45,13,'2:28.84','2025-08-21 10:49:04'),(33,7,'2:22.64','2025-08-21 10:49:04'),(33,7,'2:28.16','2025-08-21 10:49:04'),(33,7,'2:28.38','2025-08-21 10:49:04'),(33,7,'2:25.08','2025-08-21 10:49:04'),(33,7,'2:25.64','2025-08-21 10:49:04'),(33,7,'2:33.58','2025-08-21 10:49:04'),(46,3,'1:15.57','2025-08-21 10:49:04'),(46,3,'1:14.40','2025-08-21 10:49:04'),(46,3,'1:19.82','2025-08-21 10:49:04'),(46,3,'1:12.90','2025-08-21 10:49:04'),(45,3,'59.21','2025-08-21 10:49:04'),(45,3,'59.27','2025-08-21 10:49:04'),(45,3,'58.67','2025-08-21 10:49:04'),(45,3,'59.72','2025-08-21 10:49:04'),(45,3,'59.17','2025-08-21 10:49:04'),(31,10,'1:31.59','2025-08-21 10:49:04'),(31,10,'1:26.55','2025-08-21 10:49:04'),(31,10,'1:28.75','2025-08-21 10:49:04'),(31,10,'1:39.79','2025-08-21 10:49:04'),(31,10,'1:32.37','2025-08-21 10:49:04'),(25,1,'46.12','2025-08-22 11:39:51'),(25,1,'47.35','2025-08-22 11:39:51'),(25,1,'43.25','2025-08-22 11:39:51'),(25,1,'45.69','2025-08-22 11:39:51'),(29,5,'1:23.22','2025-08-22 11:39:51'),(29,5,'1:21.07','2025-08-22 11:39:51'),(29,5,'1:27.95','2025-08-22 11:39:51'),(29,5,'1:27.95','2025-08-22 11:39:51'),(29,5,'1:28.30','2025-08-22 11:39:51'),(29,5,'1:30.96','2025-08-22 11:39:51'),(29,4,'2:52.44','2025-08-22 11:39:51'),(29,4,'3:01.49','2025-08-22 11:39:51'),(29,4,'3:04.27','2025-08-22 11:39:51'),(29,4,'3:04.27','2025-08-22 11:39:51'),(29,4,'3:03.84','2025-08-22 11:39:51'),(47,1,'40.89','2025-08-22 11:39:51'),(47,1,'41.50','2025-08-22 11:39:51'),(47,1,'42.35','2025-08-22 11:39:51'),(47,1,'40.53','2025-08-22 11:39:51'),(47,1,'40.89','2025-08-22 11:39:51'),(47,1,'42.14','2025-08-22 11:39:51'),(47,1,'43.58','2025-08-22 11:39:51'),(47,1,'39.85','2025-08-22 11:39:51'),(47,1,'43.35','2025-08-22 11:39:51'),(47,1,'39.18','2025-08-22 11:39:51'),(25,14,'1:35.96','2025-08-22 11:39:51'),(25,14,'1:31.58','2025-08-22 11:39:51'),(25,14,'1:32.96','2025-08-22 11:39:51'),(25,14,'1:35.82','2025-08-22 11:39:51'),(34,8,'41.62','2025-08-22 11:39:51'),(34,8,'40.49','2025-08-22 11:39:51'),(34,8,'41.00','2025-08-22 11:39:51'),(34,8,'45.75','2025-08-22 11:39:51'),(25,9,'56.77','2025-08-22 11:39:51'),(25,9,'57.16','2025-08-22 11:39:51'),(25,9,'47.44','2025-08-22 11:39:51'),(25,9,'52.32','2025-08-22 11:39:51'),(37,10,'1:19.87','2025-08-22 11:39:51'),(37,10,'1:11.53','2025-08-22 11:39:51'),(37,10,'1:14.94','2025-08-22 11:39:51'),(37,10,'1:12.71','2025-08-22 11:39:51'),(37,10,'1:14.94','2025-08-22 11:39:51'),(25,3,'1:24.80','2025-08-22 11:39:51'),(25,3,'1:20.81','2025-08-22 11:39:51'),(25,3,'1:23.61','2025-08-22 11:39:51'),(25,3,'1:23.94','2025-08-22 11:39:51'),(25,3,'1:22.05','2025-08-22 11:39:51'),(25,3,'1:22.58','2025-08-22 11:39:51'),(37,3,'1:02.13','2025-08-22 11:39:51'),(37,3,'1:03.17','2025-08-22 11:39:51'),(37,3,'1:04.84','2025-08-22 11:39:51'),(37,3,'1:03.88','2025-08-22 11:39:51'),(37,3,'1:04.87','2025-08-22 11:39:51'),(37,3,'1:04.16','2025-08-22 11:39:51'),(37,3,'1:03.25','2025-08-22 11:39:51'),(47,8,'39.42','2025-08-22 11:39:51'),(47,8,'36.13','2025-08-22 11:39:51'),(47,8,'37.66','2025-08-22 11:39:51'),(47,8,'39.07','2025-08-22 11:39:51'),(25,6,'1:54.65','2025-08-22 11:39:51'),(25,6,'1:51.03','2025-08-22 11:39:51'),(25,6,'1:47.12','2025-08-22 11:39:51'),(25,6,'1:50.10','2025-08-22 11:39:51'),(29,10,'1:22.57','2025-08-22 11:39:51'),(29,10,'1:29.64','2025-08-22 11:39:51'),(29,10,'1:23.83','2025-08-22 11:39:51'),(29,10,'1:20.39','2025-08-22 11:39:51'),(31,6,'1:42.97','2025-08-22 11:39:51'),(31,6,'1:43.31','2025-08-22 11:39:51'),(31,6,'1:40.34','2025-08-22 11:39:51'),(31,6,'1:43.50','2025-08-22 11:39:51'),(47,9,'47.76','2025-08-22 11:39:51'),(47,9,'46.19','2025-08-22 11:39:51'),(47,9,'49.28','2025-08-22 11:39:51'),(47,9,'45.71','2025-08-22 11:39:51'),(47,9,'48.08','2025-08-22 11:39:51'),(47,9,'53.17','2025-08-22 11:39:51'),(47,9,'48.83','2025-08-22 11:39:51'),(47,9,'52.85','2025-08-22 11:39:51'),(47,9,'47.76','2025-08-22 11:39:51'),(47,9,'45.76','2025-08-22 11:39:51'),(25,8,'37.76','2025-08-22 11:39:51'),(25,8,'38.94','2025-08-22 11:39:51'),(25,8,'41.83','2025-08-22 11:39:51'),(25,8,'42.81','2025-08-22 11:39:51'),(25,2,'52.61','2025-08-22 11:39:51'),(25,2,'40.11','2025-08-22 11:39:51'),(25,2,'43.58','2025-08-22 11:39:51'),(25,2,'50.17','2025-08-22 11:39:51'),(25,2,'45.43','2025-08-22 11:39:51'),(37,5,'1:12.59','2025-08-22 11:39:51'),(37,5,'1:11.63','2025-08-22 11:39:51'),(37,5,'1:09.43','2025-08-22 11:39:51'),(37,5,'1:10.16','2025-08-22 11:39:51'),(37,5,'1:11.49','2025-08-22 11:39:51'),(29,6,'1:30.24','2025-08-22 11:39:51'),(29,6,'1:33.05','2025-08-22 11:39:51'),(29,6,'1:33.05','2025-08-22 11:39:51'),(29,6,'1:32.73','2025-08-22 11:39:51'),(29,6,'1:30.81','2025-08-22 11:39:51'),(29,6,'1:33.18','2025-08-22 11:39:51'),(29,6,'1:31.74','2025-08-22 11:39:51'),(29,6,'1:31.53','2025-08-22 11:39:51'),(25,10,'1:32.71','2025-08-22 11:39:51'),(25,10,'1:28.10','2025-08-22 11:39:51'),(25,10,'1:33.36','2025-08-22 11:39:51'),(25,10,'1:32.89','2025-08-22 11:39:51'),(25,10,'1:33.37','2025-08-22 11:39:51'),(25,10,'1:31.52','2025-08-22 11:39:51'),(25,10,'1:33.38','2025-08-22 11:39:51'),(25,10,'1:32.03','2025-08-22 11:39:51'),(45,13,'2:35.46','2025-08-22 11:39:51'),(45,13,'2:28.30','2025-08-22 11:39:51'),(45,13,'2:28.84','2025-08-22 11:39:51'),(45,13,'2:35.35','2025-08-22 11:39:51'),(46,3,'1:14.40','2025-08-22 11:39:51'),(46,3,'1:15.57','2025-08-22 11:39:51'),(46,3,'1:19.82','2025-08-22 11:39:51'),(46,3,'1:12.90','2025-08-22 11:39:51'),(45,3,'58.67','2025-08-22 11:39:51'),(45,3,'59.72','2025-08-22 11:39:51'),(45,3,'59.21','2025-08-22 11:39:51'),(45,3,'59.27','2025-08-22 11:39:51'),(45,3,'59.17','2025-08-22 11:39:51'),(31,10,'1:26.55','2025-08-22 11:39:51'),(31,10,'1:39.79','2025-08-22 11:39:51'),(31,10,'1:28.75','2025-08-22 11:39:51'),(31,10,'1:32.37','2025-08-22 11:39:51'),(31,10,'1:31.59','2025-08-22 11:39:51');
/*!40000 ALTER TABLE `times` ENABLE KEYS */;
UNLOCK TABLES;
/*!40103 SET TIME_ZONE=@OLD_TIME_ZONE */;

/*!40101 SET SQL_MODE=@OLD_SQL_MODE */;
/*!40014 SET FOREIGN_KEY_CHECKS=@OLD_FOREIGN_KEY_CHECKS */;
/*!40014 SET UNIQUE_CHECKS=@OLD_UNIQUE_CHECKS */;
/*!40101 SET CHARACTER_SET_CLIENT=@OLD_CHARACTER_SET_CLIENT */;
/*!40101 SET CHARACTER_SET_RESULTS=@OLD_CHARACTER_SET_RESULTS */;
/*!40101 SET COLLATION_CONNECTION=@OLD_COLLATION_CONNECTION */;
/*!40111 SET SQL_NOTES=@OLD_SQL_NOTES */;

-- Dump completed on 2025-08-28 16:56:59
